{"cameraMode":{"drawMode":0,"name":"Shaded","section":"Shading Mode"},"sceneLighting":true,"audioPlay":false,"sceneViewState":{"m_AlwaysRefresh":false,"showFog":true,"showSkybox":false,"showFlares":true,"showImageEffects":true,"showParticleSystems":true,"showVisualEffectGraphs":true,"m_FxEnabled":true},"in2DMode":false,"pivot":{"x":5.660146713256836,"y":1.7409086227416993,"z":-0.34033823013305666},"rotation":{"x":0.029073137789964677,"y":0.9045957922935486,"z":-0.06251616030931473,"w":0.420678973197937},"size":2.267993688583374,"orthographic":false}