{"cameraMode":{"drawMode":0,"name":"Shaded","section":"Shading Mode"},"sceneLighting":false,"audioPlay":false,"sceneViewState":{"m_AlwaysRefresh":false,"showFog":true,"showSkybox":false,"showFlares":true,"showImageEffects":true,"showParticleSystems":true,"showVisualEffectGraphs":true,"m_FxEnabled":true},"in2DMode":false,"pivot":{"x":0.38731318712234499,"y":0.9638108611106873,"z":-1.4025373458862305},"rotation":{"x":-0.0632762536406517,"y":0.6853610873222351,"z":0.059984199702739719,"w":0.7229675054550171},"size":1.85197913646698,"orthographic":false}