{"cameraMode":{"drawMode":0,"name":"Shaded","section":"Shading Mode"},"sceneLighting":true,"audioPlay":false,"sceneViewState":{"m_AlwaysRefresh":false,"showFog":true,"showSkybox":false,"showFlares":true,"showImageEffects":true,"showParticleSystems":true,"showVisualEffectGraphs":true,"m_FxEnabled":true},"in2DMode":false,"pivot":{"x":-0.2701581120491028,"y":0.3162294030189514,"z":0.0818769633769989},"rotation":{"x":-0.09188897907733917,"y":-0.041814547032117847,"z":0.003862634301185608,"w":-0.9948875308036804},"size":0.3113172948360443,"orthographic":false}