{"cameraMode":{"drawMode":0,"name":"Shaded","section":"Shading Mode"},"sceneLighting":false,"audioPlay":false,"sceneViewState":{"m_AlwaysRefresh":false,"showFog":true,"showSkybox":false,"showFlares":true,"showImageEffects":true,"showParticleSystems":true,"showVisualEffectGraphs":true,"m_FxEnabled":true},"in2DMode":false,"pivot":{"x":0.9979733228683472,"y":-0.14808017015457154,"z":-0.16677922010421754},"rotation":{"x":0.10000374168157578,"y":0.6801419258117676,"z":-0.09446005523204804,"w":0.7200586199760437},"size":0.6220623254776001,"orthographic":false}