{"cameraMode":{"drawMode":0,"name":"Shaded","section":"Shading Mode"},"sceneLighting":false,"audioPlay":false,"sceneViewState":{"m_AlwaysRefresh":false,"showFog":true,"showSkybox":false,"showFlares":true,"showImageEffects":true,"showParticleSystems":true,"showVisualEffectGraphs":true,"m_FxEnabled":true},"in2DMode":false,"pivot":{"x":0.0005524978041648865,"y":0.006486289203166962,"z":-0.15692834556102754},"rotation":{"x":0.09196033328771591,"y":0.7015162110328674,"z":-0.09207112342119217,"w":0.7006722688674927},"size":0.26733827590942385,"orthographic":true}